secret,file_path,rule_id,match_context,label
dolor ipsum sit amet,package-lock.json,generic-secret,"DUMMY_SECRET = ""dolor ipsum sit amet""",0
74KPONu3OujCeECOtYrLdwGetDCcdx1seP32fN,.github/workflows/deploy.yml,generic-api-key,"API_KEY = ""74KPONu3OujCeECOtYrLdwGetDCcdx1seP32fN""",1
sk_live_CvB003PMituM8SmEul9z9usV,.github/workflows/deploy.yml,stripe-live-key,"GITHUB_TOKEN = ""sk_live_CvB003PMituM8SmEul9z9usV""",1
6290bba5a9c4df1d88eb9a2cbfa74bf15cde6e13,src/test/java/AuthTest.java,generic-high-entropy-string,"request_id = ""6290bba5a9c4df1d88eb9a2cbfa74bf15cde6e13""",0
AKIAGAN4EIO72AAVH1I4,app/settings/prod.py,aws-access-token,"AWS_SECRET_ACCESS_KEY = ""AKIAGAN4EIO72AAVH1I4""",1
vkxtUuX8KMf4djkWNdRfrCQBFMCArnWGhwB,infra/terraform/secrets.tfvars,generic-api-key,"AWS_SECRET_ACCESS_KEY = ""vkxtUuX8KMf4djkWNdRfrCQBFMCArnWGhwB""",1
ff6776394bc728b3b0beea6c848539a1bbdf01d5,src/test/java/AuthTest.java,generic-high-entropy-string,"EXAMPLE_API_KEY = ""ff6776394bc728b3b0beea6c848539a1bbdf01d5""",0
sk_live_ziQPtDu7W7eaDNKgeInGqi7w,app/settings/prod.py,stripe-live-key,"AWS_SECRET_ACCESS_KEY = ""sk_live_ziQPtDu7W7eaDNKgeInGqi7w""",1
sha512-KMMXAt24k7+toGqpsly2vjuolrjJx3OamEIHO6E66c4Y517JG/LSuEPc+AOBAagp,src/test/java/AuthTest.java,hex-string,"request_id = ""sha512-KMMXAt24k7+toGqpsly2vjuolrjJx3OamEIHO6E66c4Y517JG/LSuEPc+AOBAagp""",0
lorem sit ipsum amet,spec/support/fixtures.rb,generic-secret,"integrity = ""lorem sit ipsum amet""",0
sit consectetur lorem dolor,__mocks__/apiClient.js,generic-secret,"DUMMY_SECRET = ""sit consectetur lorem dolor""",0
dolor ipsum consectetur amet,package-lock.json,generic-secret,"request_id = ""dolor ipsum consectetur amet""",0
changeme123,docs/examples/quickstart.md,generic-api-key,"integrity = ""changeme123""",0
kUYwkiUIFl64IP9dHc12e80QdWaAi1OoeTj,app/settings/prod.py,generic-api-key,"AWS_SECRET_ACCESS_KEY = ""kUYwkiUIFl64IP9dHc12e80QdWaAi1OoeTj""",1
AKIASTWG6NJ4OGW9XHRO,.github/workflows/deploy.yml,aws-access-token,"GITHUB_TOKEN = ""AKIASTWG6NJ4OGW9XHRO""",1
ghp_0zxRO8PfLLq60ebem5PCZif521Zvhc8Ddk7K,backend/config.json,github-pat,"GITHUB_TOKEN = ""ghp_0zxRO8PfLLq60ebem5PCZif521Zvhc8Ddk7K""",1
Jr0NRNhigzxYvJ8xWjmMGzGccciTvZEHDjM5Giu7,infra/terraform/secrets.tfvars,generic-api-key,"API_KEY = ""Jr0NRNhigzxYvJ8xWjmMGzGccciTvZEHDjM5Giu7""",1
AKIAFCQN0B58ST4PZT3E,app/settings/prod.py,aws-access-token,"AWS_SECRET_ACCESS_KEY = ""AKIAFCQN0B58ST4PZT3E""",1
ghp_9XIIaOenQOXn3RB1gnI1S4VXBP08eVRjbDTv,config/production.env,github-pat,"AWS_SECRET_ACCESS_KEY = ""ghp_9XIIaOenQOXn3RB1gnI1S4VXBP08eVRjbDTv""",1
34b55a17-a1de-4e1d-983a-828c6e84264d,docs/examples/quickstart.md,generic-high-entropy-string,"request_id = ""34b55a17-a1de-4e1d-983a-828c6e84264d""",0
ghp_pmNHq0wrYzfx9zDKpSotR02fP2PWcfzyyJEd,backend/config.json,github-pat,"AWS_SECRET_ACCESS_KEY = ""ghp_pmNHq0wrYzfx9zDKpSotR02fP2PWcfzyyJEd""",1
changeme123,README.md,generic-api-key,"EXAMPLE_API_KEY = ""changeme123""",0
b6544040189894b20426c8e052d577859f5510c2,tests/fixtures/sample_config.env,generic-high-entropy-string,"session_id = ""b6544040189894b20426c8e052d577859f5510c2""",0
ipsum amet consectetur lorem,src/test/java/AuthTest.java,generic-secret,"EXAMPLE_API_KEY = ""ipsum amet consectetur lorem""",0
sk_live_XLokgpQprI0Y6VdW8oK2Zyw7,app/settings/prod.py,stripe-live-key,"DB_PASSWORD = ""sk_live_XLokgpQprI0Y6VdW8oK2Zyw7""",1
0bedc90b-a2a5-4b70-a33f-7b207e9dda50,docs/examples/quickstart.md,generic-high-entropy-string,"request_id = ""0bedc90b-a2a5-4b70-a33f-7b207e9dda50""",0
sha512-MsQPsZW8z6wzVHNWkwZgyyD/t2UBIWPyRZEffSckL3A7Grgc8YCq2Jwxhwkp679k,README.md,hex-string,"EXAMPLE_API_KEY = ""sha512-MsQPsZW8z6wzVHNWkwZgyyD/t2UBIWPyRZEffSckL3A7Grgc8YCq2Jwxhwkp679k""",0
sk_live_rdJ8L4V6lORBJFdw8PQyYHuS,deploy/k8s/secret.yaml,stripe-live-key,"GITHUB_TOKEN = ""sk_live_rdJ8L4V6lORBJFdw8PQyYHuS""",1
sha512-C0LPAUvJ5xy1VPejQqvUT5COYkrSR4OM5RH+lJUl1gQ/Z7i+2fyulfE+qekBVcwC,tests/fixtures/sample_config.env,hex-string,"EXAMPLE_API_KEY = ""sha512-C0LPAUvJ5xy1VPejQqvUT5COYkrSR4OM5RH+lJUl1gQ/Z7i+2fyulfE+qekBVcwC""",0
example-secret-do-not-use,spec/support/fixtures.rb,generic-api-key,"TEST_TOKEN = ""example-secret-do-not-use""",0
sk_live_U90P0jpgjqmlMjWWPel8XOFD,.github/workflows/deploy.yml,stripe-live-key,"API_KEY = ""sk_live_U90P0jpgjqmlMjWWPel8XOFD""",1
f9b5708e299857472b27a1ef2882c81104b51707,README.md,generic-high-entropy-string,"integrity = ""f9b5708e299857472b27a1ef2882c81104b51707""",0
b2a7f6dc-286a-4c73-ab68-627beeb9a027,README.md,generic-high-entropy-string,"DUMMY_SECRET = ""b2a7f6dc-286a-4c73-ab68-627beeb9a027""",0
ghp_zSptQLxEJHwBVJvwSDrtqohUmuhVI8WSlmnV,infra/terraform/secrets.tfvars,github-pat,"GITHUB_TOKEN = ""ghp_zSptQLxEJHwBVJvwSDrtqohUmuhVI8WSlmnV""",1
AKIADZ95JDXA1FS4MGBN,backend/config.json,aws-access-token,"DB_PASSWORD = ""AKIADZ95JDXA1FS4MGBN""",1
AKIAEJ8CX9J1ICTXCWNP,infra/terraform/secrets.tfvars,aws-access-token,"AWS_SECRET_ACCESS_KEY = ""AKIAEJ8CX9J1ICTXCWNP""",1
ghp_935k0u7KUumWkFGDF4tFbf8zGD9pnLwddsFM,infra/terraform/secrets.tfvars,github-pat,"GITHUB_TOKEN = ""ghp_935k0u7KUumWkFGDF4tFbf8zGD9pnLwddsFM""",1
changeme123,README.md,generic-api-key,"request_id = ""changeme123""",0
dolor sit ipsum consectetur,tests/fixtures/sample_config.env,generic-secret,"TEST_TOKEN = ""dolor sit ipsum consectetur""",0
consectetur sit dolor ipsum,README.md,generic-secret,"DUMMY_SECRET = ""consectetur sit dolor ipsum""",0
3be92880229fe32cff06b659518958ccea99dda3,package-lock.json,generic-high-entropy-string,"TEST_TOKEN = ""3be92880229fe32cff06b659518958ccea99dda3""",0
your_api_key_here,src/test/java/AuthTest.java,generic-api-key,"TEST_TOKEN = ""your_api_key_here""",0
ipsum amet consectetur lorem,src/test/java/AuthTest.java,generic-secret,"session_id = ""ipsum amet consectetur lorem""",0
sha512-gtT8hZFiuta7is5A5Ov5e2nvWfe4djGH8xyM8QTmu3R/qCBiDf+kIYCIOxeAAO4q,package-lock.json,hex-string,"EXAMPLE_API_KEY = ""sha512-gtT8hZFiuta7is5A5Ov5e2nvWfe4djGH8xyM8QTmu3R/qCBiDf+kIYCIOxeAAO4q""",0
AKIAG1OL73D9PH3I379U,.github/workflows/deploy.yml,aws-access-token,"GITHUB_TOKEN = ""AKIAG1OL73D9PH3I379U""",1
AKIATCHBVGKP7L9KV913,deploy/k8s/secret.yaml,aws-access-token,"DB_PASSWORD = ""AKIATCHBVGKP7L9KV913""",1
sk_live_q2u7ZzS1VuuCroe8miXXLgjg,deploy/k8s/secret.yaml,stripe-live-key,"DB_PASSWORD = ""sk_live_q2u7ZzS1VuuCroe8miXXLgjg""",1
sk_live_t0Y3oobQmzvr3e9XrwPGzR1I,config/production.env,stripe-live-key,"STRIPE_SECRET_KEY = ""sk_live_t0Y3oobQmzvr3e9XrwPGzR1I""",1
Wd3hjOkYRBMeyyMDHqJ38aRUhR4IW,backend/config.json,generic-api-key,"STRIPE_SECRET_KEY = ""Wd3hjOkYRBMeyyMDHqJ38aRUhR4IW""",1
Js1ON43xKmTecQoXsf2o3gyrDO1xk,infra/terraform/secrets.tfvars,generic-api-key,"STRIPE_SECRET_KEY = ""Js1ON43xKmTecQoXsf2o3gyrDO1xk""",1
sit dolor lorem consectetur,docs/examples/quickstart.md,generic-secret,"session_id = ""sit dolor lorem consectetur""",0
sk_live_hlxSjGyAMiKyBlFOIS6P7lJk,infra/terraform/secrets.tfvars,stripe-live-key,"GITHUB_TOKEN = ""sk_live_hlxSjGyAMiKyBlFOIS6P7lJk""",1
example-secret-do-not-use,README.md,generic-api-key,"request_id = ""example-secret-do-not-use""",0
ghp_avw1O9ZsJHxSgc5kFi0TVUAgqNmmh72znD0Y,backend/config.json,github-pat,"DB_PASSWORD = ""ghp_avw1O9ZsJHxSgc5kFi0TVUAgqNmmh72znD0Y""",1
example-secret-do-not-use,spec/support/fixtures.rb,generic-api-key,"EXAMPLE_API_KEY = ""example-secret-do-not-use""",0
8d7d0a4de24af4ab8c5b38e8475c6d385327da04,spec/support/fixtures.rb,generic-high-entropy-string,"request_id = ""8d7d0a4de24af4ab8c5b38e8475c6d385327da04""",0
sha512-u8EyfaK57wH4weuKurOLVMPQcP5w1/K4jcw1xiVk6d5u6EYphaZTaxPYHSoEiNmX,tests/fixtures/sample_config.env,hex-string,"integrity = ""sha512-u8EyfaK57wH4weuKurOLVMPQcP5w1/K4jcw1xiVk6d5u6EYphaZTaxPYHSoEiNmX""",0
AKIAT69N3VXDO3V94X2H,backend/config.json,aws-access-token,"AWS_SECRET_ACCESS_KEY = ""AKIAT69N3VXDO3V94X2H""",1
AKIABL57Y9HQQ2NS5MHI,deploy/k8s/secret.yaml,aws-access-token,"AWS_SECRET_ACCESS_KEY = ""AKIABL57Y9HQQ2NS5MHI""",1
example-secret-do-not-use,src/test/java/AuthTest.java,generic-api-key,"DUMMY_SECRET = ""example-secret-do-not-use""",0
your_api_key_here,package-lock.json,generic-api-key,"session_id = ""your_api_key_here""",0
4202b3ee-81d5-4302-a16d-1cad36a9fd53,package-lock.json,generic-high-entropy-string,"integrity = ""4202b3ee-81d5-4302-a16d-1cad36a9fd53""",0
a2b061e6-a261-406d-af54-38cc422d9a31,spec/support/fixtures.rb,generic-high-entropy-string,"session_id = ""a2b061e6-a261-406d-af54-38cc422d9a31""",0
your_api_key_here,spec/support/fixtures.rb,generic-api-key,"TEST_TOKEN = ""your_api_key_here""",0
ipsum lorem consectetur sit,spec/support/fixtures.rb,generic-secret,"DUMMY_SECRET = ""ipsum lorem consectetur sit""",0
sit amet dolor ipsum,package-lock.json,generic-secret,"integrity = ""sit amet dolor ipsum""",0
AKIAGPWKCZV1GAGQO679,backend/config.json,aws-access-token,"API_KEY = ""AKIAGPWKCZV1GAGQO679""",1
consectetur ipsum sit amet,docs/examples/quickstart.md,generic-secret,"EXAMPLE_API_KEY = ""consectetur ipsum sit amet""",0
6d11d0dfdd4352f594ba2197faad9a4ddfbbd93f,__mocks__/apiClient.js,generic-high-entropy-string,"DUMMY_SECRET = ""6d11d0dfdd4352f594ba2197faad9a4ddfbbd93f""",0
61117757550079036fb2901e8bf0f9c93a0a12dc,spec/support/fixtures.rb,generic-high-entropy-string,"DUMMY_SECRET = ""61117757550079036fb2901e8bf0f9c93a0a12dc""",0
ghp_imvAK56Dju3TlXfFvOluOdaCrnWXkKWkFYWX,app/settings/prod.py,github-pat,"AWS_SECRET_ACCESS_KEY = ""ghp_imvAK56Dju3TlXfFvOluOdaCrnWXkKWkFYWX""",1
ghp_IskXDKVXXFJGhKhrXI0xI0WcWUCInBgV1PWp,config/production.env,github-pat,"STRIPE_SECRET_KEY = ""ghp_IskXDKVXXFJGhKhrXI0xI0WcWUCInBgV1PWp""",1
fc095b0f-6bd6-4de7-9488-c9901ca8c228,src/test/java/AuthTest.java,generic-high-entropy-string,"DUMMY_SECRET = ""fc095b0f-6bd6-4de7-9488-c9901ca8c228""",0
6dae7132-64ea-411b-832a-0f32b34f4913,README.md,generic-high-entropy-string,"session_id = ""6dae7132-64ea-411b-832a-0f32b34f4913""",0
sha512-I2riiCmDeFbSLIaFsGkQnWuDbM61gZ1Hx6s2Veb4hWr3NW7ZAMB+Z49MAqvkpYs5,__mocks__/apiClient.js,hex-string,"DUMMY_SECRET = ""sha512-I2riiCmDeFbSLIaFsGkQnWuDbM61gZ1Hx6s2Veb4hWr3NW7ZAMB+Z49MAqvkpYs5""",0
31baec4d-cbfb-43a3-a718-c377a512d97b,README.md,generic-high-entropy-string,"integrity = ""31baec4d-cbfb-43a3-a718-c377a512d97b""",0
sk_live_WkI9X7H6aMuFbh7x41Ztpdp4,config/production.env,stripe-live-key,"API_KEY = ""sk_live_WkI9X7H6aMuFbh7x41Ztpdp4""",1
Vj77p3kZZl4AblV7vY7AZQ3VZprkYSgy3c2Eo,deploy/k8s/secret.yaml,generic-api-key,"DB_PASSWORD = ""Vj77p3kZZl4AblV7vY7AZQ3VZprkYSgy3c2Eo""",1
ghp_fF2BPYvK2g5H6con53S4KErc7eR7r5IKQcl7,config/production.env,github-pat,"STRIPE_SECRET_KEY = ""ghp_fF2BPYvK2g5H6con53S4KErc7eR7r5IKQcl7""",1
sha512-w0B5HMkk/6fwlmteZby1DPkiNveCnoEP2Tw3zBrhtf2QgZKn2GTrPlvesSxR0Ec1,spec/support/fixtures.rb,hex-string,"request_id = ""sha512-w0B5HMkk/6fwlmteZby1DPkiNveCnoEP2Tw3zBrhtf2QgZKn2GTrPlvesSxR0Ec1""",0
ghp_eAAvIDAdn1Ay5XL8Sb24WKyEa8wtWy2591AI,.github/workflows/deploy.yml,github-pat,"API_KEY = ""ghp_eAAvIDAdn1Ay5XL8Sb24WKyEa8wtWy2591AI""",1
AxRUpCNsWVYCoIpt9ZYE51mxR8KC,infra/terraform/secrets.tfvars,generic-api-key,"GITHUB_TOKEN = ""AxRUpCNsWVYCoIpt9ZYE51mxR8KC""",1
sit consectetur lorem ipsum,src/test/java/AuthTest.java,generic-secret,"request_id = ""sit consectetur lorem ipsum""",0
b8df7285-45f1-4629-9821-6d88ba3bda6d,package-lock.json,generic-high-entropy-string,"DUMMY_SECRET = ""b8df7285-45f1-4629-9821-6d88ba3bda6d""",0
c337a5c2-fa31-4412-a543-4b5f27d81083,src/test/java/AuthTest.java,generic-high-entropy-string,"TEST_TOKEN = ""c337a5c2-fa31-4412-a543-4b5f27d81083""",0
90ff4d06-da28-4375-b254-b5a35f22bdf4,README.md,generic-high-entropy-string,"integrity = ""90ff4d06-da28-4375-b254-b5a35f22bdf4""",0
ur0eKxhGR5dloZHc9ze4D3sX2tufJDaxmsKYtVN,deploy/k8s/secret.yaml,generic-api-key,"DB_PASSWORD = ""ur0eKxhGR5dloZHc9ze4D3sX2tufJDaxmsKYtVN""",1
jnSROatAQgQHrNMSiA15gGUNhshYgFmMmXq1Hmw,infra/terraform/secrets.tfvars,generic-api-key,"GITHUB_TOKEN = ""jnSROatAQgQHrNMSiA15gGUNhshYgFmMmXq1Hmw""",1
AKIAG1IQXZXCZD9MX9SE,.github/workflows/deploy.yml,aws-access-token,"GITHUB_TOKEN = ""AKIAG1IQXZXCZD9MX9SE""",1
AKIAY4CYXQBWEWPGVICW,infra/terraform/secrets.tfvars,aws-access-token,"API_KEY = ""AKIAY4CYXQBWEWPGVICW""",1
E7GX66lSLlU0igyQMM4uG4yAM6SWprz9vsCZi,deploy/k8s/secret.yaml,generic-api-key,"DB_PASSWORD = ""E7GX66lSLlU0igyQMM4uG4yAM6SWprz9vsCZi""",1
sha512-aGRM8wr8z3EO1Bhu2UQDyqelN6bcQW3IztliGx70D+VLW7+fVr/PPm+1lcipC/XY,tests/fixtures/sample_config.env,hex-string,"TEST_TOKEN = ""sha512-aGRM8wr8z3EO1Bhu2UQDyqelN6bcQW3IztliGx70D+VLW7+fVr/PPm+1lcipC/XY""",0
86732c5b-e060-46df-a266-fa22281ca854,README.md,generic-high-entropy-string,"request_id = ""86732c5b-e060-46df-a266-fa22281ca854""",0
f45e55c0e7ea9053dbf5b11c9c70db9a37a00c36,__mocks__/apiClient.js,generic-high-entropy-string,"request_id = ""f45e55c0e7ea9053dbf5b11c9c70db9a37a00c36""",0
lorem dolor ipsum sit,tests/fixtures/sample_config.env,generic-secret,"request_id = ""lorem dolor ipsum sit""",0
AKIA237WI9LI16DH7JTK,infra/terraform/secrets.tfvars,aws-access-token,"DB_PASSWORD = ""AKIA237WI9LI16DH7JTK""",1
sk_live_gEiVqUZJW6l8R5vPfowoV3tA,infra/terraform/secrets.tfvars,stripe-live-key,"STRIPE_SECRET_KEY = ""sk_live_gEiVqUZJW6l8R5vPfowoV3tA""",1
6087075ebaef0ac6d6a1d6222cd479105c586597,tests/fixtures/sample_config.env,generic-high-entropy-string,"DUMMY_SECRET = ""6087075ebaef0ac6d6a1d6222cd479105c586597""",0
e667b620-238a-486a-838b-fcade1c137a3,__mocks__/apiClient.js,generic-high-entropy-string,"request_id = ""e667b620-238a-486a-838b-fcade1c137a3""",0
sit dolor amet lorem,README.md,generic-secret,"session_id = ""sit dolor amet lorem""",0
ghp_UinUbLGkhxTPYcy4OqXINdMdQgP1bdShACyh,infra/terraform/secrets.tfvars,github-pat,"API_KEY = ""ghp_UinUbLGkhxTPYcy4OqXINdMdQgP1bdShACyh""",1
sk_live_J7LLUAsjmvoyK1pFJP8RvqW0,backend/config.json,stripe-live-key,"GITHUB_TOKEN = ""sk_live_J7LLUAsjmvoyK1pFJP8RvqW0""",1
sha512-Kh8mJpW7yrjYT0Oi0H6zLuWjMVWEbL9xqzPmIxebUZLK7rrNi+Erhei7u7adTY/R,__mocks__/apiClient.js,hex-string,"integrity = ""sha512-Kh8mJpW7yrjYT0Oi0H6zLuWjMVWEbL9xqzPmIxebUZLK7rrNi+Erhei7u7adTY/R""",0
338ef163-7ed0-48a8-a49d-1de2163cf9f5,README.md,generic-high-entropy-string,"integrity = ""338ef163-7ed0-48a8-a49d-1de2163cf9f5""",0
lorem ipsum dolor amet,src/test/java/AuthTest.java,generic-secret,"integrity = ""lorem ipsum dolor amet""",0
guBuQqx9jR7Eef1ffBgVVxZiJdL9JJvQhAw3Q8W,backend/config.json,generic-api-key,"GITHUB_TOKEN = ""guBuQqx9jR7Eef1ffBgVVxZiJdL9JJvQhAw3Q8W""",1
CLrZ3aWZkSBvrjn9Wvgfygw2wMqZcUD,config/production.env,generic-api-key,"API_KEY = ""CLrZ3aWZkSBvrjn9Wvgfygw2wMqZcUD""",1
wZqvr4MS4rJaH8mfpUAFJWpSEPTFCYb,infra/terraform/secrets.tfvars,generic-api-key,"AWS_SECRET_ACCESS_KEY = ""wZqvr4MS4rJaH8mfpUAFJWpSEPTFCYb""",1
sha512-YSAxU7LAQjwVd7V8PCWRq5ni2M7mX2xqCoRaIZ91uCBqjVVVDWm7+9SzCtXL6Aqu,docs/examples/quickstart.md,hex-string,"EXAMPLE_API_KEY = ""sha512-YSAxU7LAQjwVd7V8PCWRq5ni2M7mX2xqCoRaIZ91uCBqjVVVDWm7+9SzCtXL6Aqu""",0
0lIsugfuQstCMTBkSCwCcU36wNBrOY8deQOzx,backend/config.json,generic-api-key,"API_KEY = ""0lIsugfuQstCMTBkSCwCcU36wNBrOY8deQOzx""",1
AKIABRPOIG8F1CBFNO6B,app/settings/prod.py,aws-access-token,"API_KEY = ""AKIABRPOIG8F1CBFNO6B""",1
C5kV3ECqWp1OrXXHFOprCeTsprvu5IfijoyS,backend/config.json,generic-api-key,"DB_PASSWORD = ""C5kV3ECqWp1OrXXHFOprCeTsprvu5IfijoyS""",1
consectetur dolor amet ipsum,__mocks__/apiClient.js,generic-secret,"integrity = ""consectetur dolor amet ipsum""",0
example-secret-do-not-use,src/test/java/AuthTest.java,generic-api-key,"EXAMPLE_API_KEY = ""example-secret-do-not-use""",0
15e1e953-2e50-4bb3-bc00-7b5e249f67d8,spec/support/fixtures.rb,generic-high-entropy-string,"integrity = ""15e1e953-2e50-4bb3-bc00-7b5e249f67d8""",0
sha512-1SJmFPrI0xzKtQ0c8uKcMdVpL7bKRHQcAkQh3WUBHH8yEJRotJjgsrOwP1muefGY,README.md,hex-string,"TEST_TOKEN = ""sha512-1SJmFPrI0xzKtQ0c8uKcMdVpL7bKRHQcAkQh3WUBHH8yEJRotJjgsrOwP1muefGY""",0
Jwwk15qV1Sfsbydk2KX9n2oPoRnrPAGb3X9XR,deploy/k8s/secret.yaml,generic-api-key,"AWS_SECRET_ACCESS_KEY = ""Jwwk15qV1Sfsbydk2KX9n2oPoRnrPAGb3X9XR""",1
cc3349ffc59e617e93305a4635b680b9cea54623,docs/examples/quickstart.md,generic-high-entropy-string,"integrity = ""cc3349ffc59e617e93305a4635b680b9cea54623""",0
38b7aee1-ed25-4c6a-b92f-1294962ad84f,README.md,generic-high-entropy-string,"DUMMY_SECRET = ""38b7aee1-ed25-4c6a-b92f-1294962ad84f""",0
ghp_HnJuQEHyu9lD6IvIwRX3URPZSqNEm9prJto8,infra/terraform/secrets.tfvars,github-pat,"STRIPE_SECRET_KEY = ""ghp_HnJuQEHyu9lD6IvIwRX3URPZSqNEm9prJto8""",1
5f6fa6aafaa99c57e16e55fafaccedc923e0c64a,README.md,generic-high-entropy-string,"EXAMPLE_API_KEY = ""5f6fa6aafaa99c57e16e55fafaccedc923e0c64a""",0
fMc4BVuMqbfo9R13KL8bWR0rKcWWlEHPC6r,.github/workflows/deploy.yml,generic-api-key,"DB_PASSWORD = ""fMc4BVuMqbfo9R13KL8bWR0rKcWWlEHPC6r""",1
ghp_4APg1FNA88rcSxnCC8p2xgRxI5Pwdzrm9h82,config/production.env,github-pat,"GITHUB_TOKEN = ""ghp_4APg1FNA88rcSxnCC8p2xgRxI5Pwdzrm9h82""",1
sha512-xaszI0IFmWcMq1r1PmVM9DCAp5cRreNuWRx/kmDJulv67o9Wz+dOvxob5ySQPmdb,README.md,hex-string,"integrity = ""sha512-xaszI0IFmWcMq1r1PmVM9DCAp5cRreNuWRx/kmDJulv67o9Wz+dOvxob5ySQPmdb""",0
ghp_zNV1tLvG1GIFTKtE0bxvRhALtY5U3SObMEq9,.github/workflows/deploy.yml,github-pat,"API_KEY = ""ghp_zNV1tLvG1GIFTKtE0bxvRhALtY5U3SObMEq9""",1
sk_live_ThWwJELK8QTARV51Is42BZaH,config/production.env,stripe-live-key,"AWS_SECRET_ACCESS_KEY = ""sk_live_ThWwJELK8QTARV51Is42BZaH""",1
example-secret-do-not-use,package-lock.json,generic-api-key,"DUMMY_SECRET = ""example-secret-do-not-use""",0
AKIAKPL9EKA024SCOSS3,backend/config.json,aws-access-token,"AWS_SECRET_ACCESS_KEY = ""AKIAKPL9EKA024SCOSS3""",1
example-secret-do-not-use,README.md,generic-api-key,"TEST_TOKEN = ""example-secret-do-not-use""",0
ghp_7qYYOLQZ7mBhIoPj6r0jedkYtMV0K6sChDSt,infra/terraform/secrets.tfvars,github-pat,"GITHUB_TOKEN = ""ghp_7qYYOLQZ7mBhIoPj6r0jedkYtMV0K6sChDSt""",1
ghp_w88H5s2fqmO9JriOtNIfGPkL8LjkQNU5Mv17,config/production.env,github-pat,"API_KEY = ""ghp_w88H5s2fqmO9JriOtNIfGPkL8LjkQNU5Mv17""",1
ghp_ym6MGV4i3erXY2Av7YGr0asUt1LLQF3jCIEw,.github/workflows/deploy.yml,github-pat,"STRIPE_SECRET_KEY = ""ghp_ym6MGV4i3erXY2Av7YGr0asUt1LLQF3jCIEw""",1
example-secret-do-not-use,tests/fixtures/sample_config.env,generic-api-key,"TEST_TOKEN = ""example-secret-do-not-use""",0
sha512-eHQUkfFJoV75fK/GwQezXg0wzMHKWlcePYt1kF+1gmfp5W1THZAFxve2TL7Eqvh0,tests/fixtures/sample_config.env,hex-string,"TEST_TOKEN = ""sha512-eHQUkfFJoV75fK/GwQezXg0wzMHKWlcePYt1kF+1gmfp5W1THZAFxve2TL7Eqvh0""",0
sha512-tReTJuG5qcYS16/G6BR9PlL5c8tOZfvtMjm8knzX22BnKhG9Zx4uDFGadyfSMHoO,spec/support/fixtures.rb,hex-string,"TEST_TOKEN = ""sha512-tReTJuG5qcYS16/G6BR9PlL5c8tOZfvtMjm8knzX22BnKhG9Zx4uDFGadyfSMHoO""",0
sit ipsum consectetur amet,package-lock.json,generic-secret,"DUMMY_SECRET = ""sit ipsum consectetur amet""",0
sha512-co7q2jxQq1MGOC3IhXxEnsQZbK7eQ4Z3LGNV4Yrj2Tz8hV6JvYkTLx29C+HiS96p,__mocks__/apiClient.js,hex-string,"DUMMY_SECRET = ""sha512-co7q2jxQq1MGOC3IhXxEnsQZbK7eQ4Z3LGNV4Yrj2Tz8hV6JvYkTLx29C+HiS96p""",0
ghp_UDPqTlaVvYsKRWmlN2O5z0BGufzQgliEu7pa,deploy/k8s/secret.yaml,github-pat,"STRIPE_SECRET_KEY = ""ghp_UDPqTlaVvYsKRWmlN2O5z0BGufzQgliEu7pa""",1
9c7d030df0cfe49334fa754aebe90244db41241c,package-lock.json,generic-high-entropy-string,"TEST_TOKEN = ""9c7d030df0cfe49334fa754aebe90244db41241c""",0
ghp_xBe8Q6vNuQ2hU5tGtQAuzSsJimAQ8yRV5lNK,deploy/k8s/secret.yaml,github-pat,"STRIPE_SECRET_KEY = ""ghp_xBe8Q6vNuQ2hU5tGtQAuzSsJimAQ8yRV5lNK""",1
ghp_UdLEkHOUNX1yj0RpcK8ShmbCuAjASnAGXN6E,backend/config.json,github-pat,"AWS_SECRET_ACCESS_KEY = ""ghp_UdLEkHOUNX1yj0RpcK8ShmbCuAjASnAGXN6E""",1
lorem amet sit dolor,tests/fixtures/sample_config.env,generic-secret,"request_id = ""lorem amet sit dolor""",0
ghp_EQhK8nDSqXxkMM9VThX0k9tgLb7tKR69yz8T,config/production.env,github-pat,"DB_PASSWORD = ""ghp_EQhK8nDSqXxkMM9VThX0k9tgLb7tKR69yz8T""",1
AhIw9XnCtDq2hfkZRt0TSMcn12ujfTp9w,.github/workflows/deploy.yml,generic-api-key,"GITHUB_TOKEN = ""AhIw9XnCtDq2hfkZRt0TSMcn12ujfTp9w""",1
amet sit lorem consectetur,src/test/java/AuthTest.java,generic-secret,"TEST_TOKEN = ""amet sit lorem consectetur""",0
sha512-H2F+vq3l7t7rJFQWmBwZn+7JfXVplfks1VTlmPg728iInwY5LYIIuwbCH4Ln9XvL,docs/examples/quickstart.md,hex-string,"TEST_TOKEN = ""sha512-H2F+vq3l7t7rJFQWmBwZn+7JfXVplfks1VTlmPg728iInwY5LYIIuwbCH4Ln9XvL""",0
uRiUbPFsq6AzyVcLTK0mvUToRIOYE68QwGt2k1,app/settings/prod.py,generic-api-key,"API_KEY = ""uRiUbPFsq6AzyVcLTK0mvUToRIOYE68QwGt2k1""",1
AKIAP1Z7FZTVOVKE6H76,infra/terraform/secrets.tfvars,aws-access-token,"DB_PASSWORD = ""AKIAP1Z7FZTVOVKE6H76""",1
sk_live_UAMPfmCn60AVFWH3x0dGYket,deploy/k8s/secret.yaml,stripe-live-key,"API_KEY = ""sk_live_UAMPfmCn60AVFWH3x0dGYket""",1
example-secret-do-not-use,README.md,generic-api-key,"DUMMY_SECRET = ""example-secret-do-not-use""",0
your_api_key_here,package-lock.json,generic-api-key,"TEST_TOKEN = ""your_api_key_here""",0
byRBlwn6lrrC4jcNNNpPsFA4JEdfryiAmP4,app/settings/prod.py,generic-api-key,"API_KEY = ""byRBlwn6lrrC4jcNNNpPsFA4JEdfryiAmP4""",1
98c77c531e9986f1a9b0286cc98ba58e73152764,package-lock.json,generic-high-entropy-string,"request_id = ""98c77c531e9986f1a9b0286cc98ba58e73152764""",0
sha512-PcQvA914qKUhkq2PPPGL12dnm8uRGHNJr3nYnMkl/8lfL/f81l41T65A9/QkGgJ0,__mocks__/apiClient.js,hex-string,"TEST_TOKEN = ""sha512-PcQvA914qKUhkq2PPPGL12dnm8uRGHNJr3nYnMkl/8lfL/f81l41T65A9/QkGgJ0""",0
sk_live_hsBkDa9U4UqGWlG6g3Ot1OGM,app/settings/prod.py,stripe-live-key,"DB_PASSWORD = ""sk_live_hsBkDa9U4UqGWlG6g3Ot1OGM""",1
4430de5a-b616-4fa1-b30f-6934278fb72e,README.md,generic-high-entropy-string,"request_id = ""4430de5a-b616-4fa1-b30f-6934278fb72e""",0
ghp_5TCfZR92uQwTeJIs5t2kTT7SOlYxGohmYipY,config/production.env,github-pat,"GITHUB_TOKEN = ""ghp_5TCfZR92uQwTeJIs5t2kTT7SOlYxGohmYipY""",1
consectetur lorem amet sit,spec/support/fixtures.rb,generic-secret,"TEST_TOKEN = ""consectetur lorem amet sit""",0
example-secret-do-not-use,tests/fixtures/sample_config.env,generic-api-key,"request_id = ""example-secret-do-not-use""",0
dolor amet consectetur sit,__mocks__/apiClient.js,generic-secret,"integrity = ""dolor amet consectetur sit""",0
AKIAAQNCDZ6S601ZF88J,config/production.env,aws-access-token,"STRIPE_SECRET_KEY = ""AKIAAQNCDZ6S601ZF88J""",1
b4ac5068-9905-481d-8754-bbab4524cc0b,src/test/java/AuthTest.java,generic-high-entropy-string,"TEST_TOKEN = ""b4ac5068-9905-481d-8754-bbab4524cc0b""",0
AKIAEPSOF1GG2KTBCUDS,infra/terraform/secrets.tfvars,aws-access-token,"STRIPE_SECRET_KEY = ""AKIAEPSOF1GG2KTBCUDS""",1
ghp_DuvW4yrW81Aq1fEbVId8woPeX9PcWb8pm1bN,app/settings/prod.py,github-pat,"DB_PASSWORD = ""ghp_DuvW4yrW81Aq1fEbVId8woPeX9PcWb8pm1bN""",1
ghp_lu1CNd3w8aFim0y9JGPFARFAT1CFkfKbYWos,infra/terraform/secrets.tfvars,github-pat,"AWS_SECRET_ACCESS_KEY = ""ghp_lu1CNd3w8aFim0y9JGPFARFAT1CFkfKbYWos""",1
sk_live_oZmjbcpEN2XeDA4OKmTSyFzp,backend/config.json,stripe-live-key,"DB_PASSWORD = ""sk_live_oZmjbcpEN2XeDA4OKmTSyFzp""",1
sk_live_eYTuHo9lHeYGkAIIzfwo4nQv,infra/terraform/secrets.tfvars,stripe-live-key,"STRIPE_SECRET_KEY = ""sk_live_eYTuHo9lHeYGkAIIzfwo4nQv""",1
jKLLW98g7gKXgYs3I4w4AqyPFKMEcl,deploy/k8s/secret.yaml,generic-api-key,"STRIPE_SECRET_KEY = ""jKLLW98g7gKXgYs3I4w4AqyPFKMEcl""",1
lorem ipsum consectetur amet,package-lock.json,generic-secret,"TEST_TOKEN = ""lorem ipsum consectetur amet""",0
AKIAPH90O7Y22T1TDGNN,backend/config.json,aws-access-token,"STRIPE_SECRET_KEY = ""AKIAPH90O7Y22T1TDGNN""",1
pvrdGoJPyz0pfDCZKCf2FCuhFVPbgzAcJ,config/production.env,generic-api-key,"API_KEY = ""pvrdGoJPyz0pfDCZKCf2FCuhFVPbgzAcJ""",1
sit ipsum amet consectetur,spec/support/fixtures.rb,generic-secret,"integrity = ""sit ipsum amet consectetur""",0
ipsum lorem amet sit,package-lock.json,generic-secret,"request_id = ""ipsum lorem amet sit""",0
AKIA6PJS1AWP0LF7XE78,.github/workflows/deploy.yml,aws-access-token,"API_KEY = ""AKIA6PJS1AWP0LF7XE78""",1
778ea8cb191feb1ba838552b33b028cb4630c7bb,docs/examples/quickstart.md,generic-high-entropy-string,"request_id = ""778ea8cb191feb1ba838552b33b028cb4630c7bb""",0
AKIA90FOH3HJ5S6R044P,.github/workflows/deploy.yml,aws-access-token,"GITHUB_TOKEN = ""AKIA90FOH3HJ5S6R044P""",1
amet sit dolor lorem,README.md,generic-secret,"EXAMPLE_API_KEY = ""amet sit dolor lorem""",0
sk_live_7bAdzGxpyfxobu7g1TPvYjic,deploy/k8s/secret.yaml,stripe-live-key,"STRIPE_SECRET_KEY = ""sk_live_7bAdzGxpyfxobu7g1TPvYjic""",1
c8f704f7-5edb-4cf2-ac23-53e718184d0e,docs/examples/quickstart.md,generic-high-entropy-string,"EXAMPLE_API_KEY = ""c8f704f7-5edb-4cf2-ac23-53e718184d0e""",0
sha512-WoTiIsRWeHsmvEp5lQFzjdNKMRl7qtiwnqCj4OnpnhCxxaYwfbhU59ap24mxAoGR,package-lock.json,hex-string,"EXAMPLE_API_KEY = ""sha512-WoTiIsRWeHsmvEp5lQFzjdNKMRl7qtiwnqCj4OnpnhCxxaYwfbhU59ap24mxAoGR""",0
960f91d5-4bc2-4631-8520-71d6e67558ad,README.md,generic-high-entropy-string,"request_id = ""960f91d5-4bc2-4631-8520-71d6e67558ad""",0
sha512-phpU+7MZrqAvCQUdRbgFHGMM2E/XF5BpP71vjrDNq9i3zGfOQlQKddo/Thn7tDFV,spec/support/fixtures.rb,hex-string,"session_id = ""sha512-phpU+7MZrqAvCQUdRbgFHGMM2E/XF5BpP71vjrDNq9i3zGfOQlQKddo/Thn7tDFV""",0
ghp_eC8wLtO9BSqD2tmy2EgpyKwKsSsb1QzraK3R,.github/workflows/deploy.yml,github-pat,"AWS_SECRET_ACCESS_KEY = ""ghp_eC8wLtO9BSqD2tmy2EgpyKwKsSsb1QzraK3R""",1
yq7YYDsBS9UYJQTFjmsn9dLVIdVu,config/production.env,generic-api-key,"AWS_SECRET_ACCESS_KEY = ""yq7YYDsBS9UYJQTFjmsn9dLVIdVu""",1
b1784377a115d73ffe1932fa5a08bae4d7afb279,tests/fixtures/sample_config.env,generic-high-entropy-string,"TEST_TOKEN = ""b1784377a115d73ffe1932fa5a08bae4d7afb279""",0
f2eec3520cc900d325a0291f42615811c8912401,package-lock.json,generic-high-entropy-string,"DUMMY_SECRET = ""f2eec3520cc900d325a0291f42615811c8912401""",0
74300b68-f963-4c97-9034-8cadad564449,docs/examples/quickstart.md,generic-high-entropy-string,"EXAMPLE_API_KEY = ""74300b68-f963-4c97-9034-8cadad564449""",0
ghp_VX3rU4hX5bvZBrHeqTKOeFDGxdF2KkxkqXg5,backend/config.json,github-pat,"API_KEY = ""ghp_VX3rU4hX5bvZBrHeqTKOeFDGxdF2KkxkqXg5""",1
b93794dcfdb16fb17889a6840474cb016e23683e,src/test/java/AuthTest.java,generic-high-entropy-string,"session_id = ""b93794dcfdb16fb17889a6840474cb016e23683e""",0
sha512-75r+2/EIhmG2j/NjylDMf+dhczco8hRYkt8OUqAPBK3NaHvhngF6VabF7ViIY+JX,README.md,hex-string,"TEST_TOKEN = ""sha512-75r+2/EIhmG2j/NjylDMf+dhczco8hRYkt8OUqAPBK3NaHvhngF6VabF7ViIY+JX""",0
sha512-R5V/1qdolvSE1mv3kWfMQDXJV+2iGtlJ4X9pLJbOdLsaJIQPwhxXpBqsSqsSJihy,docs/examples/quickstart.md,hex-string,"TEST_TOKEN = ""sha512-R5V/1qdolvSE1mv3kWfMQDXJV+2iGtlJ4X9pLJbOdLsaJIQPwhxXpBqsSqsSJihy""",0
a6d14957-3fa0-4d98-b686-3926086037fb,README.md,generic-high-entropy-string,"TEST_TOKEN = ""a6d14957-3fa0-4d98-b686-3926086037fb""",0
99fe9d21b6da0314b19e5e5a721bd530ce23b54f,src/test/java/AuthTest.java,generic-high-entropy-string,"integrity = ""99fe9d21b6da0314b19e5e5a721bd530ce23b54f""",0
QtcozMdant8nXiWqsuhaFVBliyIToGJ1QZwe,backend/config.json,generic-api-key,"GITHUB_TOKEN = ""QtcozMdant8nXiWqsuhaFVBliyIToGJ1QZwe""",1
sha512-kXNhn8ICVK6NIUPz4P69NjdVnM/OvGVtDb21MaVi0TPmLBtb1+iWe7usIQUcEGAT,tests/fixtures/sample_config.env,hex-string,"session_id = ""sha512-kXNhn8ICVK6NIUPz4P69NjdVnM/OvGVtDb21MaVi0TPmLBtb1+iWe7usIQUcEGAT""",0
sha512-mgi9MXZ3A6FKqS7Fvd/cqY2osJeiYjKtCJO4eoPmazjeh4I1IMojWGbTzDCfx9oQ,src/test/java/AuthTest.java,hex-string,"TEST_TOKEN = ""sha512-mgi9MXZ3A6FKqS7Fvd/cqY2osJeiYjKtCJO4eoPmazjeh4I1IMojWGbTzDCfx9oQ""",0
your_api_key_here,spec/support/fixtures.rb,generic-api-key,"TEST_TOKEN = ""your_api_key_here""",0
cb47c376a0ae33d969a82a6fcf2ea5a7aaa23055,README.md,generic-high-entropy-string,"request_id = ""cb47c376a0ae33d969a82a6fcf2ea5a7aaa23055""",0
9B0nFru1svJKiK2FYv5RWdcgOY1Dbh7,deploy/k8s/secret.yaml,generic-api-key,"DB_PASSWORD = ""9B0nFru1svJKiK2FYv5RWdcgOY1Dbh7""",1
amet sit consectetur lorem,spec/support/fixtures.rb,generic-secret,"TEST_TOKEN = ""amet sit consectetur lorem""",0
sha512-0BzOSze9+p3Cj5LPKs8bU7h/4LoAe0ABKbCj8WfSwDPgTK049lewrDlV0xXRyDu8,src/test/java/AuthTest.java,hex-string,"session_id = ""sha512-0BzOSze9+p3Cj5LPKs8bU7h/4LoAe0ABKbCj8WfSwDPgTK049lewrDlV0xXRyDu8""",0
sk_live_u6U6ZefyJzJu2rHD63aYSNLH,config/production.env,stripe-live-key,"GITHUB_TOKEN = ""sk_live_u6U6ZefyJzJu2rHD63aYSNLH""",1
9BmS6i4Ptk374rfPxqfxQ5PkdzOt,deploy/k8s/secret.yaml,generic-api-key,"DB_PASSWORD = ""9BmS6i4Ptk374rfPxqfxQ5PkdzOt""",1
f5giWhLUyw9BuYiprPfpJMMUMsX8Sb2,app/settings/prod.py,generic-api-key,"STRIPE_SECRET_KEY = ""f5giWhLUyw9BuYiprPfpJMMUMsX8Sb2""",1
AKIAYW485W6UYRLBUOBR,deploy/k8s/secret.yaml,aws-access-token,"AWS_SECRET_ACCESS_KEY = ""AKIAYW485W6UYRLBUOBR""",1
UtgnHpAF9djTrfc6o52HAS5xDVfLgGiO0zeLKdB,app/settings/prod.py,generic-api-key,"DB_PASSWORD = ""UtgnHpAF9djTrfc6o52HAS5xDVfLgGiO0zeLKdB""",1
dd6089a167f5c7130bf69d4abe7ed1cbd65d853a,spec/support/fixtures.rb,generic-high-entropy-string,"integrity = ""dd6089a167f5c7130bf69d4abe7ed1cbd65d853a""",0
changeme123,src/test/java/AuthTest.java,generic-api-key,"request_id = ""changeme123""",0
ghp_o9iEjDVMxASJ6EWIZQ0nWpRWM3YfHCHTxe6K,config/production.env,github-pat,"AWS_SECRET_ACCESS_KEY = ""ghp_o9iEjDVMxASJ6EWIZQ0nWpRWM3YfHCHTxe6K""",1
lorem sit consectetur ipsum,__mocks__/apiClient.js,generic-secret,"EXAMPLE_API_KEY = ""lorem sit consectetur ipsum""",0
changeme123,spec/support/fixtures.rb,generic-api-key,"request_id = ""changeme123""",0
7V937s4catKMg7vsDPIHF48i2GDrmZ,infra/terraform/secrets.tfvars,generic-api-key,"AWS_SECRET_ACCESS_KEY = ""7V937s4catKMg7vsDPIHF48i2GDrmZ""",1
your_api_key_here,docs/examples/quickstart.md,generic-api-key,"TEST_TOKEN = ""your_api_key_here""",0
sk_live_gWAc7O1RLhX5CDQL9Gi9FaHV,.github/workflows/deploy.yml,stripe-live-key,"AWS_SECRET_ACCESS_KEY = ""sk_live_gWAc7O1RLhX5CDQL9Gi9FaHV""",1
dolor amet lorem sit,__mocks__/apiClient.js,generic-secret,"session_id = ""dolor amet lorem sit""",0
YEZAmggQBwBAD3UdRPPgdzUvZ3gpmmI,app/settings/prod.py,generic-api-key,"GITHUB_TOKEN = ""YEZAmggQBwBAD3UdRPPgdzUvZ3gpmmI""",1
1e86e85488baf0b9890555bc1aef809bd06ed463,__mocks__/apiClient.js,generic-high-entropy-string,"request_id = ""1e86e85488baf0b9890555bc1aef809bd06ed463""",0
101a30e3-4af3-4753-bf3f-24bb40a3358f,README.md,generic-high-entropy-string,"TEST_TOKEN = ""101a30e3-4af3-4753-bf3f-24bb40a3358f""",0
ghp_z6pJuXsyDIPwtqxG4FDgZUEW1u6nxuAcK3oV,config/production.env,github-pat,"DB_PASSWORD = ""ghp_z6pJuXsyDIPwtqxG4FDgZUEW1u6nxuAcK3oV""",1
AKIA1B3EU1Z0SHZBUK3X,deploy/k8s/secret.yaml,aws-access-token,"AWS_SECRET_ACCESS_KEY = ""AKIA1B3EU1Z0SHZBUK3X""",1
WrgiflBCJJGAgbfwJfMMYu3yasAyXfU5J,.github/workflows/deploy.yml,generic-api-key,"DB_PASSWORD = ""WrgiflBCJJGAgbfwJfMMYu3yasAyXfU5J""",1
lorem amet dolor ipsum,spec/support/fixtures.rb,generic-secret,"EXAMPLE_API_KEY = ""lorem amet dolor ipsum""",0
sk_live_JKxDZJiN4fetzTUEHAXA0Kei,backend/config.json,stripe-live-key,"STRIPE_SECRET_KEY = ""sk_live_JKxDZJiN4fetzTUEHAXA0Kei""",1
BzB9EyacImUx8a5uW1HmbRaOUpoS4wtigyGLtk,config/production.env,generic-api-key,"AWS_SECRET_ACCESS_KEY = ""BzB9EyacImUx8a5uW1HmbRaOUpoS4wtigyGLtk""",1
example-secret-do-not-use,docs/examples/quickstart.md,generic-api-key,"EXAMPLE_API_KEY = ""example-secret-do-not-use""",0
ghp_OKg7FjvVepwukO49f0TQOU4vCaqnpSewqYgU,config/production.env,github-pat,"AWS_SECRET_ACCESS_KEY = ""ghp_OKg7FjvVepwukO49f0TQOU4vCaqnpSewqYgU""",1
sha512-bqcT8f51hG5Qml5ctTkAAW1Gpt/s29CCogBgHR4yxbHwW67ayD0qdIgCXsJkBRek,docs/examples/quickstart.md,hex-string,"integrity = ""sha512-bqcT8f51hG5Qml5ctTkAAW1Gpt/s29CCogBgHR4yxbHwW67ayD0qdIgCXsJkBRek""",0
dNOQ7N6EQFbaIJAabHUrIsbG0SRBZ86lg,.github/workflows/deploy.yml,generic-api-key,"AWS_SECRET_ACCESS_KEY = ""dNOQ7N6EQFbaIJAabHUrIsbG0SRBZ86lg""",1
sha512-nHLZ0RZwdmKxt7LNMAqAJj8vJyhONwap3biJLIT/kF46om4QTSCNDu7+AFeUO3Wk,docs/examples/quickstart.md,hex-string,"integrity = ""sha512-nHLZ0RZwdmKxt7LNMAqAJj8vJyhONwap3biJLIT/kF46om4QTSCNDu7+AFeUO3Wk""",0
ghp_rsMnTvnRO2qGFq562dfOB1rcavXiOqkVCJTB,config/production.env,github-pat,"API_KEY = ""ghp_rsMnTvnRO2qGFq562dfOB1rcavXiOqkVCJTB""",1
ghp_EbN48Ju6NoPeO0D6StPAhic8ctFhgp4IiyDx,deploy/k8s/secret.yaml,github-pat,"API_KEY = ""ghp_EbN48Ju6NoPeO0D6StPAhic8ctFhgp4IiyDx""",1
GYYZSsSQd7yyA9YRu9JdaVqmN3X33C1,backend/config.json,generic-api-key,"DB_PASSWORD = ""GYYZSsSQd7yyA9YRu9JdaVqmN3X33C1""",1
jW9o3RURz92ZJxfYzaqIhDxRVRqLy,config/production.env,generic-api-key,"STRIPE_SECRET_KEY = ""jW9o3RURz92ZJxfYzaqIhDxRVRqLy""",1
sk_live_tRgEevrOu3rqPT85PtmjHWp5,.github/workflows/deploy.yml,stripe-live-key,"AWS_SECRET_ACCESS_KEY = ""sk_live_tRgEevrOu3rqPT85PtmjHWp5""",1
sk_live_1SJ3uTV7JOnmnNTsRw6RiTP9,.github/workflows/deploy.yml,stripe-live-key,"DB_PASSWORD = ""sk_live_1SJ3uTV7JOnmnNTsRw6RiTP9""",1
AKIA26OC7T3BD4Z1G52E,infra/terraform/secrets.tfvars,aws-access-token,"AWS_SECRET_ACCESS_KEY = ""AKIA26OC7T3BD4Z1G52E""",1
b596ba4f-93dd-45e7-a90c-846344a3dba3,src/test/java/AuthTest.java,generic-high-entropy-string,"request_id = ""b596ba4f-93dd-45e7-a90c-846344a3dba3""",0
sha512-eqhxlNf/7vQBCR2SbRiDCikWtsIlzSM4Yo7C/eVqL2yq5WI2yR2HIXDOEApuBi03,package-lock.json,hex-string,"request_id = ""sha512-eqhxlNf/7vQBCR2SbRiDCikWtsIlzSM4Yo7C/eVqL2yq5WI2yR2HIXDOEApuBi03""",0
853aea88-8b00-4e84-9a2c-c08852845aea,spec/support/fixtures.rb,generic-high-entropy-string,"request_id = ""853aea88-8b00-4e84-9a2c-c08852845aea""",0
ghp_QrS7RPeMOkIUpkDyr7OSJoRu1XXdo0cZuzre,.github/workflows/deploy.yml,github-pat,"DB_PASSWORD = ""ghp_QrS7RPeMOkIUpkDyr7OSJoRu1XXdo0cZuzre""",1
896ab836-0780-48de-b63e-b1dcff66e340,__mocks__/apiClient.js,generic-high-entropy-string,"integrity = ""896ab836-0780-48de-b63e-b1dcff66e340""",0
changeme123,package-lock.json,generic-api-key,"session_id = ""changeme123""",0
AKIA5E8II49KQ71N8MTZ,deploy/k8s/secret.yaml,aws-access-token,"STRIPE_SECRET_KEY = ""AKIA5E8II49KQ71N8MTZ""",1
ghp_eirNOLJTuyMHsDGMBgYSh2PP4XJU3nBC4oAv,deploy/k8s/secret.yaml,github-pat,"GITHUB_TOKEN = ""ghp_eirNOLJTuyMHsDGMBgYSh2PP4XJU3nBC4oAv""",1
XZoMZwoOmNqRWUXQR1iOg5OPctYCcLxU,config/production.env,generic-api-key,"DB_PASSWORD = ""XZoMZwoOmNqRWUXQR1iOg5OPctYCcLxU""",1
mHxNWFOCWdnrJi7sC4SFhbOMZpTk,.github/workflows/deploy.yml,generic-api-key,"STRIPE_SECRET_KEY = ""mHxNWFOCWdnrJi7sC4SFhbOMZpTk""",1
sk_live_EECvl9dq83Eh0ezFeKORdjjZ,infra/terraform/secrets.tfvars,stripe-live-key,"API_KEY = ""sk_live_EECvl9dq83Eh0ezFeKORdjjZ""",1
sk_live_pqQjTBYyeCMELzIG763SAIcY,backend/config.json,stripe-live-key,"STRIPE_SECRET_KEY = ""sk_live_pqQjTBYyeCMELzIG763SAIcY""",1
ghp_lOQBzbVN4mCLByaTnnrWTZYeKgZ3IlxumDhq,.github/workflows/deploy.yml,github-pat,"GITHUB_TOKEN = ""ghp_lOQBzbVN4mCLByaTnnrWTZYeKgZ3IlxumDhq""",1
ghp_CWr9vtLUKaqPxSpdQhDtkzRG754TXtShO68s,.github/workflows/deploy.yml,github-pat,"STRIPE_SECRET_KEY = ""ghp_CWr9vtLUKaqPxSpdQhDtkzRG754TXtShO68s""",1
4c826f7c-c28a-4085-a7d4-5e5bd8f094f0,tests/fixtures/sample_config.env,generic-high-entropy-string,"integrity = ""4c826f7c-c28a-4085-a7d4-5e5bd8f094f0""",0
pHAKRYlklfN3yNRpF6LjoDOqDqQa5Z,infra/terraform/secrets.tfvars,generic-api-key,"GITHUB_TOKEN = ""pHAKRYlklfN3yNRpF6LjoDOqDqQa5Z""",1
amet dolor consectetur sit,package-lock.json,generic-secret,"session_id = ""amet dolor consectetur sit""",0
ghp_NMRSzcz44vSpdVE6r5xbv0Yttr1F2SRg3oit,infra/terraform/secrets.tfvars,github-pat,"GITHUB_TOKEN = ""ghp_NMRSzcz44vSpdVE6r5xbv0Yttr1F2SRg3oit""",1
sk_live_lhzz9Dr1yS2EZAP4ZkhiSUd8,config/production.env,stripe-live-key,"DB_PASSWORD = ""sk_live_lhzz9Dr1yS2EZAP4ZkhiSUd8""",1
consectetur dolor amet sit,package-lock.json,generic-secret,"request_id = ""consectetur dolor amet sit""",0
ghp_xx6syAXvRMdYOPvevgJRysqU2Q96M3jvfLQj,infra/terraform/secrets.tfvars,github-pat,"STRIPE_SECRET_KEY = ""ghp_xx6syAXvRMdYOPvevgJRysqU2Q96M3jvfLQj""",1
967d2e4d-62c6-437d-a1ae-424ea969e2f7,package-lock.json,generic-high-entropy-string,"EXAMPLE_API_KEY = ""967d2e4d-62c6-437d-a1ae-424ea969e2f7""",0
0FfEwAvuQg2kvASFsQ8z0WJcDfuquhXz3G0aQ3,deploy/k8s/secret.yaml,generic-api-key,"API_KEY = ""0FfEwAvuQg2kvASFsQ8z0WJcDfuquhXz3G0aQ3""",1
EZKRClNyXwNb3R41U5iE6Fh4ACceqPuaT3RHX,backend/config.json,generic-api-key,"API_KEY = ""EZKRClNyXwNb3R41U5iE6Fh4ACceqPuaT3RHX""",1
sit ipsum dolor consectetur,__mocks__/apiClient.js,generic-secret,"request_id = ""sit ipsum dolor consectetur""",0
3b1edaf3bb90bdddf569c7b54ab39d3c2d33c2ae,__mocks__/apiClient.js,generic-high-entropy-string,"request_id = ""3b1edaf3bb90bdddf569c7b54ab39d3c2d33c2ae""",0
dolor amet consectetur sit,spec/support/fixtures.rb,generic-secret,"integrity = ""dolor amet consectetur sit""",0
sha512-QN8zypEKz6ZY2owwFRVYKHqPuXmZGQa7yC2gMEKBSdDWN3pIiyQZXjrR9IrzFFWb,README.md,hex-string,"TEST_TOKEN = ""sha512-QN8zypEKz6ZY2owwFRVYKHqPuXmZGQa7yC2gMEKBSdDWN3pIiyQZXjrR9IrzFFWb""",0
UZggux4tiyX0W3iPRjeHKaNPkCwUn,deploy/k8s/secret.yaml,generic-api-key,"DB_PASSWORD = ""UZggux4tiyX0W3iPRjeHKaNPkCwUn""",1
62Hkd9Gf2leMeR3pzh84KpLMcNfAQLKHu7qn,app/settings/prod.py,generic-api-key,"STRIPE_SECRET_KEY = ""62Hkd9Gf2leMeR3pzh84KpLMcNfAQLKHu7qn""",1
your_api_key_here,package-lock.json,generic-api-key,"DUMMY_SECRET = ""your_api_key_here""",0
16a7f145-9a56-4335-a527-2c323967b991,tests/fixtures/sample_config.env,generic-high-entropy-string,"EXAMPLE_API_KEY = ""16a7f145-9a56-4335-a527-2c323967b991""",0
ghp_POMbdYvpiYKne1WJnLn03ovXjY5Mar2jiIqZ,config/production.env,github-pat,"DB_PASSWORD = ""ghp_POMbdYvpiYKne1WJnLn03ovXjY5Mar2jiIqZ""",1
ghp_AP744EEPmW9susPd6XfPKoIVU27c66lA41l7,deploy/k8s/secret.yaml,github-pat,"AWS_SECRET_ACCESS_KEY = ""ghp_AP744EEPmW9susPd6XfPKoIVU27c66lA41l7""",1
af6b3722-4cf6-469c-ab66-3d0dd17e1828,__mocks__/apiClient.js,generic-high-entropy-string,"request_id = ""af6b3722-4cf6-469c-ab66-3d0dd17e1828""",0
sk_live_fG6nZjIuzLOW1PRPetSBU92p,app/settings/prod.py,stripe-live-key,"AWS_SECRET_ACCESS_KEY = ""sk_live_fG6nZjIuzLOW1PRPetSBU92p""",1
f9edf3e5-f9ba-492b-a74b-969943d97390,__mocks__/apiClient.js,generic-high-entropy-string,"DUMMY_SECRET = ""f9edf3e5-f9ba-492b-a74b-969943d97390""",0
ghp_ZivTl6Z23udbjLT6jXh2H3x9exT8QzLgvtui,backend/config.json,github-pat,"DB_PASSWORD = ""ghp_ZivTl6Z23udbjLT6jXh2H3x9exT8QzLgvtui""",1
sha512-8T7bqR4j6DYmd0hgEPi8M+TkvbkY42lpA1TVCoMB9j5fKxlWzWAuYzVTNcapcGys,__mocks__/apiClient.js,hex-string,"TEST_TOKEN = ""sha512-8T7bqR4j6DYmd0hgEPi8M+TkvbkY42lpA1TVCoMB9j5fKxlWzWAuYzVTNcapcGys""",0
ipsum consectetur amet lorem,spec/support/fixtures.rb,generic-secret,"request_id = ""ipsum consectetur amet lorem""",0
fz52TcGK5HZKRNjh8WCl8knZmicBfRBm,.github/workflows/deploy.yml,generic-api-key,"DB_PASSWORD = ""fz52TcGK5HZKRNjh8WCl8knZmicBfRBm""",1
970edf91-fe7a-410a-94f4-f97612ba625c,docs/examples/quickstart.md,generic-high-entropy-string,"EXAMPLE_API_KEY = ""970edf91-fe7a-410a-94f4-f97612ba625c""",0
d820747f-2e83-4dc3-8e9c-981e8ff588cf,README.md,generic-high-entropy-string,"session_id = ""d820747f-2e83-4dc3-8e9c-981e8ff588cf""",0
c836996b686d91368b74c6bcbbe34c092ce70528,docs/examples/quickstart.md,generic-high-entropy-string,"TEST_TOKEN = ""c836996b686d91368b74c6bcbbe34c092ce70528""",0
ghp_STFuEwJ77YUrshKRIy5z0w9XZjscs9Tfw7CP,backend/config.json,github-pat,"STRIPE_SECRET_KEY = ""ghp_STFuEwJ77YUrshKRIy5z0w9XZjscs9Tfw7CP""",1
AKIARBLRTVWALJZEJBF7,deploy/k8s/secret.yaml,aws-access-token,"DB_PASSWORD = ""AKIARBLRTVWALJZEJBF7""",1
50b08c9166b23f3223e17fa11ee1f0c93b85531a,src/test/java/AuthTest.java,generic-high-entropy-string,"EXAMPLE_API_KEY = ""50b08c9166b23f3223e17fa11ee1f0c93b85531a""",0
sit ipsum consectetur dolor,package-lock.json,generic-secret,"TEST_TOKEN = ""sit ipsum consectetur dolor""",0
o1rKdjWSQgfQwZIAWLoJd1y0HA9IR37E,app/settings/prod.py,generic-api-key,"API_KEY = ""o1rKdjWSQgfQwZIAWLoJd1y0HA9IR37E""",1
50c5d39127f638df72c45a59261574f6661d31b7,tests/fixtures/sample_config.env,generic-high-entropy-string,"EXAMPLE_API_KEY = ""50c5d39127f638df72c45a59261574f6661d31b7""",0
ghp_WTECNa5fbqn1jJ8UMHBhXspthdpAOYNDeh15,.github/workflows/deploy.yml,github-pat,"GITHUB_TOKEN = ""ghp_WTECNa5fbqn1jJ8UMHBhXspthdpAOYNDeh15""",1
consectetur dolor ipsum amet,src/test/java/AuthTest.java,generic-secret,"request_id = ""consectetur dolor ipsum amet""",0
MT8ftJyPYv0iQS18VR6HfPQBGxbxtl,infra/terraform/secrets.tfvars,generic-api-key,"DB_PASSWORD = ""MT8ftJyPYv0iQS18VR6HfPQBGxbxtl""",1
e11daccb-98b6-48f6-aa4b-b68d122d0b9f,tests/fixtures/sample_config.env,generic-high-entropy-string,"session_id = ""e11daccb-98b6-48f6-aa4b-b68d122d0b9f""",0
UAk4AF4ywIyg1EY3KPWRokCeZ2csbuq8gev,deploy/k8s/secret.yaml,generic-api-key,"DB_PASSWORD = ""UAk4AF4ywIyg1EY3KPWRokCeZ2csbuq8gev""",1
bc386b2c-6244-4961-8b4b-c5856ee072c5,spec/support/fixtures.rb,generic-high-entropy-string,"TEST_TOKEN = ""bc386b2c-6244-4961-8b4b-c5856ee072c5""",0
sk_live_hlIzHiUo1aWbtDRUIBIy0opD,app/settings/prod.py,stripe-live-key,"STRIPE_SECRET_KEY = ""sk_live_hlIzHiUo1aWbtDRUIBIy0opD""",1
93d73cde9b017f8e760a4008c29f3a75fa413b26,spec/support/fixtures.rb,generic-high-entropy-string,"request_id = ""93d73cde9b017f8e760a4008c29f3a75fa413b26""",0
sha512-VSenugbzTWznmfy93UulnqkEC752IqRZZue9fXK664ABEMvCkHqD46JAyhm3zSbt,spec/support/fixtures.rb,hex-string,"DUMMY_SECRET = ""sha512-VSenugbzTWznmfy93UulnqkEC752IqRZZue9fXK664ABEMvCkHqD46JAyhm3zSbt""",0
AKIAZ2O8NDI6SOUUPTJ7,deploy/k8s/secret.yaml,aws-access-token,"DB_PASSWORD = ""AKIAZ2O8NDI6SOUUPTJ7""",1
LJ9YV5cC6ZKPmuMEGj9dCgZ51vTfGPlcpTC,.github/workflows/deploy.yml,generic-api-key,"GITHUB_TOKEN = ""LJ9YV5cC6ZKPmuMEGj9dCgZ51vTfGPlcpTC""",1
00b0e2d96d78ba3225ab26c8e85d4580958a1b9a,package-lock.json,generic-high-entropy-string,"EXAMPLE_API_KEY = ""00b0e2d96d78ba3225ab26c8e85d4580958a1b9a""",0
amet lorem sit ipsum,tests/fixtures/sample_config.env,generic-secret,"request_id = ""amet lorem sit ipsum""",0
ghp_X2H4Kblm41m1dpcDd6xTmrx0DGzO7hRbpxFM,app/settings/prod.py,github-pat,"GITHUB_TOKEN = ""ghp_X2H4Kblm41m1dpcDd6xTmrx0DGzO7hRbpxFM""",1
ghp_UeJ85fvMN5ETbB8PkM4BkdgvnmASJU7UIqQs,app/settings/prod.py,github-pat,"STRIPE_SECRET_KEY = ""ghp_UeJ85fvMN5ETbB8PkM4BkdgvnmASJU7UIqQs""",1
20db4e2b-8551-43e2-8d8e-4bd0e5eb5aff,src/test/java/AuthTest.java,generic-high-entropy-string,"EXAMPLE_API_KEY = ""20db4e2b-8551-43e2-8d8e-4bd0e5eb5aff""",0
AKIAVRHX1Z2YVL55X7RF,config/production.env,aws-access-token,"GITHUB_TOKEN = ""AKIAVRHX1Z2YVL55X7RF""",1
79e93bdb-d618-4f14-9fea-fdaf50c25933,docs/examples/quickstart.md,generic-high-entropy-string,"DUMMY_SECRET = ""79e93bdb-d618-4f14-9fea-fdaf50c25933""",0
ghp_CxzDXRLSGjwbEgsA69fh18UjwtvDYnHEwEgC,infra/terraform/secrets.tfvars,github-pat,"GITHUB_TOKEN = ""ghp_CxzDXRLSGjwbEgsA69fh18UjwtvDYnHEwEgC""",1
0de7d7a1-87ac-4414-b97f-587925ac5070,spec/support/fixtures.rb,generic-high-entropy-string,"session_id = ""0de7d7a1-87ac-4414-b97f-587925ac5070""",0
ubOrYCFowJ8yBlRLQyfXNsZpTefrjyTYOjVyuxgf,infra/terraform/secrets.tfvars,generic-api-key,"AWS_SECRET_ACCESS_KEY = ""ubOrYCFowJ8yBlRLQyfXNsZpTefrjyTYOjVyuxgf""",1
sha512-tit4nIEW7FBbim1qSKpQuYbO5wmJHEt5fJqDfEJLHHMSyPqfcg+2hDYevy4YLrk0,package-lock.json,hex-string,"DUMMY_SECRET = ""sha512-tit4nIEW7FBbim1qSKpQuYbO5wmJHEt5fJqDfEJLHHMSyPqfcg+2hDYevy4YLrk0""",0
sk_live_ikL2qavDT7jcj7uMdX7ON1Qt,.github/workflows/deploy.yml,stripe-live-key,"GITHUB_TOKEN = ""sk_live_ikL2qavDT7jcj7uMdX7ON1Qt""",1
7u3mSpKyo2XAcuVET6ZyyQY0PjF9ciG9Lv3,deploy/k8s/secret.yaml,generic-api-key,"AWS_SECRET_ACCESS_KEY = ""7u3mSpKyo2XAcuVET6ZyyQY0PjF9ciG9Lv3""",1
oijes2YgGXI1V4HcQv4XNiMyjkl1SXN,backend/config.json,generic-api-key,"DB_PASSWORD = ""oijes2YgGXI1V4HcQv4XNiMyjkl1SXN""",1
example-secret-do-not-use,tests/fixtures/sample_config.env,generic-api-key,"EXAMPLE_API_KEY = ""example-secret-do-not-use""",0
sk_live_LsD2hEd3OLL8NeE4mGh3RyHt,config/production.env,stripe-live-key,"GITHUB_TOKEN = ""sk_live_LsD2hEd3OLL8NeE4mGh3RyHt""",1
ghp_1XRDSEOlZieTX8DcsmcYm4cu7tGz0IEqcWPm,infra/terraform/secrets.tfvars,github-pat,"STRIPE_SECRET_KEY = ""ghp_1XRDSEOlZieTX8DcsmcYm4cu7tGz0IEqcWPm""",1
ghp_LjW0T0z7etkKpK12yR5IvyWViYSUfGVwdgBo,infra/terraform/secrets.tfvars,github-pat,"AWS_SECRET_ACCESS_KEY = ""ghp_LjW0T0z7etkKpK12yR5IvyWViYSUfGVwdgBo""",1
AKIAO6ACAPC4XYJLC90O,app/settings/prod.py,aws-access-token,"STRIPE_SECRET_KEY = ""AKIAO6ACAPC4XYJLC90O""",1
sit ipsum dolor amet,__mocks__/apiClient.js,generic-secret,"session_id = ""sit ipsum dolor amet""",0
sk_live_skC1ITtNZPHaQ0Jt7Qg84iqh,backend/config.json,stripe-live-key,"AWS_SECRET_ACCESS_KEY = ""sk_live_skC1ITtNZPHaQ0Jt7Qg84iqh""",1
dolor amet ipsum sit,tests/fixtures/sample_config.env,generic-secret,"session_id = ""dolor amet ipsum sit""",0
ghp_uTssKr82G5R0gi9WYA6dr3PiS3ipjTu1pW1R,deploy/k8s/secret.yaml,github-pat,"GITHUB_TOKEN = ""ghp_uTssKr82G5R0gi9WYA6dr3PiS3ipjTu1pW1R""",1
ghp_UH9PrNZ6IXEDB0ULru2p17fr4CpWDKNQyvbF,app/settings/prod.py,github-pat,"STRIPE_SECRET_KEY = ""ghp_UH9PrNZ6IXEDB0ULru2p17fr4CpWDKNQyvbF""",1
AKIA1H3DTLHAIAK5W77Q,infra/terraform/secrets.tfvars,aws-access-token,"DB_PASSWORD = ""AKIA1H3DTLHAIAK5W77Q""",1
sha512-xNVXxUPxeq6zRdbsuw+67hUI65uQ3gbncFyMve7dD0iYPknz0Z9DPBFOYdX6ArHo,docs/examples/quickstart.md,hex-string,"request_id = ""sha512-xNVXxUPxeq6zRdbsuw+67hUI65uQ3gbncFyMve7dD0iYPknz0Z9DPBFOYdX6ArHo""",0
ghp_uyr0Yzxh7KmLIlRXJb8UD8TnCZs1Se02YYAR,app/settings/prod.py,github-pat,"GITHUB_TOKEN = ""ghp_uyr0Yzxh7KmLIlRXJb8UD8TnCZs1Se02YYAR""",1
ghp_LuZVSw6LbTSw8KKjK8m1Z4FItlFcfdoMobHE,infra/terraform/secrets.tfvars,github-pat,"AWS_SECRET_ACCESS_KEY = ""ghp_LuZVSw6LbTSw8KKjK8m1Z4FItlFcfdoMobHE""",1
consectetur amet ipsum sit,src/test/java/AuthTest.java,generic-secret,"DUMMY_SECRET = ""consectetur amet ipsum sit""",0
AKIALCSXU1HGCAIKVW2R,infra/terraform/secrets.tfvars,aws-access-token,"AWS_SECRET_ACCESS_KEY = ""AKIALCSXU1HGCAIKVW2R""",1
ghp_cJF6nS7EvpaaQf6h1KQFj8fXGeUUg5qPoDsq,config/production.env,github-pat,"GITHUB_TOKEN = ""ghp_cJF6nS7EvpaaQf6h1KQFj8fXGeUUg5qPoDsq""",1
sk_live_8sDUHMHvB4Riv5FwWmk866Zz,app/settings/prod.py,stripe-live-key,"AWS_SECRET_ACCESS_KEY = ""sk_live_8sDUHMHvB4Riv5FwWmk866Zz""",1
consectetur ipsum amet dolor,package-lock.json,generic-secret,"session_id = ""consectetur ipsum amet dolor""",0
ghp_8bj2MRYCciepXPxxy8KcMjRC8xxCWeKiHxzu,app/settings/prod.py,github-pat,"STRIPE_SECRET_KEY = ""ghp_8bj2MRYCciepXPxxy8KcMjRC8xxCWeKiHxzu""",1
lorem amet consectetur dolor,tests/fixtures/sample_config.env,generic-secret,"request_id = ""lorem amet consectetur dolor""",0
sha512-Dl0URbBds5HR2w+ptPeH86D7GyIjDk/F3nJ70dmBGOufZBOY/6zJF7G/6DsBKfx9,package-lock.json,hex-string,"TEST_TOKEN = ""sha512-Dl0URbBds5HR2w+ptPeH86D7GyIjDk/F3nJ70dmBGOufZBOY/6zJF7G/6DsBKfx9""",0
ghp_PlMZaoqMZ8tT9TPrB5y2wDqnDtRH0NzLgaGQ,.github/workflows/deploy.yml,github-pat,"STRIPE_SECRET_KEY = ""ghp_PlMZaoqMZ8tT9TPrB5y2wDqnDtRH0NzLgaGQ""",1
O9FPulT9JS47NYwoQL0lytUSsilUa8S8Kz2X9Kcl,infra/terraform/secrets.tfvars,generic-api-key,"API_KEY = ""O9FPulT9JS47NYwoQL0lytUSsilUa8S8Kz2X9Kcl""",1
sit dolor lorem consectetur,README.md,generic-secret,"integrity = ""sit dolor lorem consectetur""",0
sk_live_MyNzLhww2DNl0RTZt6NLfRiu,app/settings/prod.py,stripe-live-key,"AWS_SECRET_ACCESS_KEY = ""sk_live_MyNzLhww2DNl0RTZt6NLfRiu""",1
AKIAQLQCG1WU16HYMQC1,.github/workflows/deploy.yml,aws-access-token,"AWS_SECRET_ACCESS_KEY = ""AKIAQLQCG1WU16HYMQC1""",1
rDp37eCZ32JgdPI1af7W2pkAFEn3z5,app/settings/prod.py,generic-api-key,"AWS_SECRET_ACCESS_KEY = ""rDp37eCZ32JgdPI1af7W2pkAFEn3z5""",1
3325d978-6659-430b-92ce-d23021a9b8b6,__mocks__/apiClient.js,generic-high-entropy-string,"DUMMY_SECRET = ""3325d978-6659-430b-92ce-d23021a9b8b6""",0
your_api_key_here,src/test/java/AuthTest.java,generic-api-key,"EXAMPLE_API_KEY = ""your_api_key_here""",0
fef8eaca699c41560bf93d4ab88ad7cd12a6446d,package-lock.json,generic-high-entropy-string,"integrity = ""fef8eaca699c41560bf93d4ab88ad7cd12a6446d""",0
ghp_KIjku2HChRnTLFf5GCZdDiGADKdJDRZtUbzq,backend/config.json,github-pat,"AWS_SECRET_ACCESS_KEY = ""ghp_KIjku2HChRnTLFf5GCZdDiGADKdJDRZtUbzq""",1
m0Ir7JSrigNVLppdQ5HoOodgAvTEgRX,config/production.env,generic-api-key,"DB_PASSWORD = ""m0Ir7JSrigNVLppdQ5HoOodgAvTEgRX""",1
AKIA73AJ0JE4QVZFV8YU,.github/workflows/deploy.yml,aws-access-token,"GITHUB_TOKEN = ""AKIA73AJ0JE4QVZFV8YU""",1
4177d8268822979e95fff935d4c8d09bf028c3b1,README.md,generic-high-entropy-string,"request_id = ""4177d8268822979e95fff935d4c8d09bf028c3b1""",0
sha512-zqrUJyWvogwxDyvL50G4SmGgHznMCmf9AJSfUihkuxwLqot78LE7H5mSuUiqNeLm,package-lock.json,hex-string,"TEST_TOKEN = ""sha512-zqrUJyWvogwxDyvL50G4SmGgHznMCmf9AJSfUihkuxwLqot78LE7H5mSuUiqNeLm""",0
14c77753f630239fc71d8ab98629d250a5c0009d,package-lock.json,generic-high-entropy-string,"EXAMPLE_API_KEY = ""14c77753f630239fc71d8ab98629d250a5c0009d""",0
sk_live_fE2htYzEF5QqfPIylx4yxlCc,deploy/k8s/secret.yaml,stripe-live-key,"STRIPE_SECRET_KEY = ""sk_live_fE2htYzEF5QqfPIylx4yxlCc""",1
sk_live_uVAlmiYI4xHG6r1kq608E9Zs,config/production.env,stripe-live-key,"STRIPE_SECRET_KEY = ""sk_live_uVAlmiYI4xHG6r1kq608E9Zs""",1
835a696f-a0a6-4bd1-ab78-ea9af58d4d8f,src/test/java/AuthTest.java,generic-high-entropy-string,"EXAMPLE_API_KEY = ""835a696f-a0a6-4bd1-ab78-ea9af58d4d8f""",0
sk_live_WLIVMmXU9msClRel9lVGhycB,.github/workflows/deploy.yml,stripe-live-key,"STRIPE_SECRET_KEY = ""sk_live_WLIVMmXU9msClRel9lVGhycB""",1
ghp_RykirtrFjekBrAtEYexq8pUOFMNmDgita8zv,deploy/k8s/secret.yaml,github-pat,"API_KEY = ""ghp_RykirtrFjekBrAtEYexq8pUOFMNmDgita8zv""",1
sk_live_n8WNHEJ0WPahQwCp5PN6Np9c,deploy/k8s/secret.yaml,stripe-live-key,"STRIPE_SECRET_KEY = ""sk_live_n8WNHEJ0WPahQwCp5PN6Np9c""",1
sha512-J16EaSWFHm/oaBuZJ+iP9sge7hs+D4y8kRcXCXphKuMk2b9Hnkt3SunjBqkj7vHS,docs/examples/quickstart.md,hex-string,"request_id = ""sha512-J16EaSWFHm/oaBuZJ+iP9sge7hs+D4y8kRcXCXphKuMk2b9Hnkt3SunjBqkj7vHS""",0
AKIATQLBZ299PG3GIHAD,app/settings/prod.py,aws-access-token,"DB_PASSWORD = ""AKIATQLBZ299PG3GIHAD""",1
amet consectetur ipsum lorem,__mocks__/apiClient.js,generic-secret,"EXAMPLE_API_KEY = ""amet consectetur ipsum lorem""",0
AKIAIAWPUBLQDI07HE42,.github/workflows/deploy.yml,aws-access-token,"STRIPE_SECRET_KEY = ""AKIAIAWPUBLQDI07HE42""",1
ghp_9Q3vHHSSNgBQUpEwQRPyj10J5NdaP7kG2E2F,config/production.env,github-pat,"DB_PASSWORD = ""ghp_9Q3vHHSSNgBQUpEwQRPyj10J5NdaP7kG2E2F""",1
3014755d-778a-477b-8841-bcc5b681bdf0,__mocks__/apiClient.js,generic-high-entropy-string,"EXAMPLE_API_KEY = ""3014755d-778a-477b-8841-bcc5b681bdf0""",0
5a7d2b2f-ccf5-4aef-b1c8-6c602f6e9214,spec/support/fixtures.rb,generic-high-entropy-string,"integrity = ""5a7d2b2f-ccf5-4aef-b1c8-6c602f6e9214""",0
cac49d1811079122cc4d53a293829765e5a8ef48,spec/support/fixtures.rb,generic-high-entropy-string,"DUMMY_SECRET = ""cac49d1811079122cc4d53a293829765e5a8ef48""",0
sha512-/ZZbVwL9h88t2MyYJpKQf77AqF/s/6BAwF7UhIe6kiTVo/o5uQUnfsk33QL9LPtU,__mocks__/apiClient.js,hex-string,"DUMMY_SECRET = ""sha512-/ZZbVwL9h88t2MyYJpKQf77AqF/s/6BAwF7UhIe6kiTVo/o5uQUnfsk33QL9LPtU""",0
AKIAYQ8SB7X6625CSMU6,config/production.env,aws-access-token,"AWS_SECRET_ACCESS_KEY = ""AKIAYQ8SB7X6625CSMU6""",1
sk_live_g1msoxltaTIircdJsS8iO3WF,config/production.env,stripe-live-key,"AWS_SECRET_ACCESS_KEY = ""sk_live_g1msoxltaTIircdJsS8iO3WF""",1
sk_live_nPFz46PDjqipVJIqVLB5Lzxo,.github/workflows/deploy.yml,stripe-live-key,"DB_PASSWORD = ""sk_live_nPFz46PDjqipVJIqVLB5Lzxo""",1
sit ipsum amet dolor,__mocks__/apiClient.js,generic-secret,"request_id = ""sit ipsum amet dolor""",0
your_api_key_here,README.md,generic-api-key,"EXAMPLE_API_KEY = ""your_api_key_here""",0
ghp_ForBFbyvQRZzUk1D6iNIb6zLKQbfPBi3Dldq,infra/terraform/secrets.tfvars,github-pat,"GITHUB_TOKEN = ""ghp_ForBFbyvQRZzUk1D6iNIb6zLKQbfPBi3Dldq""",1
ghp_VzsPdY5Y9pFyhpFOMeH4ax7uiy31KAxIRlWE,config/production.env,github-pat,"AWS_SECRET_ACCESS_KEY = ""ghp_VzsPdY5Y9pFyhpFOMeH4ax7uiy31KAxIRlWE""",1
7b3e6a29a7279b328373fcf7f609010882d67c6f,README.md,generic-high-entropy-string,"EXAMPLE_API_KEY = ""7b3e6a29a7279b328373fcf7f609010882d67c6f""",0
81ac4c50a9850ffba9a46d8402f7ac68ebfdd734,docs/examples/quickstart.md,generic-high-entropy-string,"session_id = ""81ac4c50a9850ffba9a46d8402f7ac68ebfdd734""",0
ghp_LecBwSeId75e7EcsAlXiXPUP9Ax5yC366yyf,app/settings/prod.py,github-pat,"API_KEY = ""ghp_LecBwSeId75e7EcsAlXiXPUP9Ax5yC366yyf""",1
sk_live_LFXXmU5IWYpja7AboIwO1S4a,config/production.env,stripe-live-key,"STRIPE_SECRET_KEY = ""sk_live_LFXXmU5IWYpja7AboIwO1S4a""",1
ghp_gSXt2RMZhYKYcwIBQxeGPva2A0FgB9xO51DT,deploy/k8s/secret.yaml,github-pat,"DB_PASSWORD = ""ghp_gSXt2RMZhYKYcwIBQxeGPva2A0FgB9xO51DT""",1
EDnvMju3TuU3wziWxGJgupDhrCpjgds8y3,deploy/k8s/secret.yaml,generic-api-key,"API_KEY = ""EDnvMju3TuU3wziWxGJgupDhrCpjgds8y3""",1
w30fC3hXZpnZVLSw3TNOBkNiYn0nZdKw,infra/terraform/secrets.tfvars,generic-api-key,"API_KEY = ""w30fC3hXZpnZVLSw3TNOBkNiYn0nZdKw""",1
AKIATSN1U322N64KFS6V,app/settings/prod.py,aws-access-token,"AWS_SECRET_ACCESS_KEY = ""AKIATSN1U322N64KFS6V""",1
f21abd5b-6175-4b11-af3d-69f47ad61762,spec/support/fixtures.rb,generic-high-entropy-string,"integrity = ""f21abd5b-6175-4b11-af3d-69f47ad61762""",0
sha512-2DeUVCufIYxTg3QZlyC+7gdLMjs84DUrnfUPl4NcPV6IIg9HSfHX/4l6nuwtsYfA,src/test/java/AuthTest.java,hex-string,"TEST_TOKEN = ""sha512-2DeUVCufIYxTg3QZlyC+7gdLMjs84DUrnfUPl4NcPV6IIg9HSfHX/4l6nuwtsYfA""",0
sha512-N6g4oA6YagfjpXf2606AAPHGSwyHVip2swbI51dUZx4F+OVHkmRUXydkAPnHusFX,docs/examples/quickstart.md,hex-string,"integrity = ""sha512-N6g4oA6YagfjpXf2606AAPHGSwyHVip2swbI51dUZx4F+OVHkmRUXydkAPnHusFX""",0
dQdmrWYksRqj1dSYsnWIcw0CgN3RVJ,backend/config.json,generic-api-key,"DB_PASSWORD = ""dQdmrWYksRqj1dSYsnWIcw0CgN3RVJ""",1
poevbLJoLoaeTOdoe5c3veGprQFnI,backend/config.json,generic-api-key,"DB_PASSWORD = ""poevbLJoLoaeTOdoe5c3veGprQFnI""",1
cc80d721e79b26d618e85d7f8be09dcef9652056,docs/examples/quickstart.md,generic-high-entropy-string,"session_id = ""cc80d721e79b26d618e85d7f8be09dcef9652056""",0
e1fb3c7f4808831b793b651c3e48c7e22fca565e,src/test/java/AuthTest.java,generic-high-entropy-string,"DUMMY_SECRET = ""e1fb3c7f4808831b793b651c3e48c7e22fca565e""",0
537276288f5444512c6ec35f9a1ed81f4ca6fd3b,src/test/java/AuthTest.java,generic-high-entropy-string,"request_id = ""537276288f5444512c6ec35f9a1ed81f4ca6fd3b""",0
HA9k0mZMi3qdPE3xJ7gT2H2hsfWkrC5Gj1Bf,deploy/k8s/secret.yaml,generic-api-key,"DB_PASSWORD = ""HA9k0mZMi3qdPE3xJ7gT2H2hsfWkrC5Gj1Bf""",1
dolor sit amet lorem,spec/support/fixtures.rb,generic-secret,"TEST_TOKEN = ""dolor sit amet lorem""",0
sha512-dWiXf/NKVmzzTTND2AnzEhtYXmBY+PV7c0+6djPJXNbcAjW/1MRNIAMqW9OygFSB,spec/support/fixtures.rb,hex-string,"integrity = ""sha512-dWiXf/NKVmzzTTND2AnzEhtYXmBY+PV7c0+6djPJXNbcAjW/1MRNIAMqW9OygFSB""",0
consectetur lorem ipsum sit,README.md,generic-secret,"DUMMY_SECRET = ""consectetur lorem ipsum sit""",0
90977b5b-5082-43d4-b21a-ecd20dfb30f2,__mocks__/apiClient.js,generic-high-entropy-string,"integrity = ""90977b5b-5082-43d4-b21a-ecd20dfb30f2""",0
ghp_KOrOAyCeOY4XfzGVrS74xD8FuLa3X2UfUDOQ,config/production.env,github-pat,"STRIPE_SECRET_KEY = ""ghp_KOrOAyCeOY4XfzGVrS74xD8FuLa3X2UfUDOQ""",1
sha512-AB9xhruTxg25LIKePIPbDGdAiuiydFhRt3ADKLGnthDXpyGQ09/KLWkaiaKReHHk,package-lock.json,hex-string,"DUMMY_SECRET = ""sha512-AB9xhruTxg25LIKePIPbDGdAiuiydFhRt3ADKLGnthDXpyGQ09/KLWkaiaKReHHk""",0
sha512-xHvijrbuVDKsEu+H8JcB4g40r/QpuoTuSWxg9y11BqMSnw2EPFDb4PaKd4bKDk3v,__mocks__/apiClient.js,hex-string,"session_id = ""sha512-xHvijrbuVDKsEu+H8JcB4g40r/QpuoTuSWxg9y11BqMSnw2EPFDb4PaKd4bKDk3v""",0
amet dolor consectetur ipsum,package-lock.json,generic-secret,"TEST_TOKEN = ""amet dolor consectetur ipsum""",0
sk_live_m74UWhcZQANX744bpnegMcCM,app/settings/prod.py,stripe-live-key,"AWS_SECRET_ACCESS_KEY = ""sk_live_m74UWhcZQANX744bpnegMcCM""",1
ghp_dryRMMc3emZWLUQJnEn36vt96an7m9VhVWE6,backend/config.json,github-pat,"DB_PASSWORD = ""ghp_dryRMMc3emZWLUQJnEn36vt96an7m9VhVWE6""",1
dolor ipsum lorem consectetur,package-lock.json,generic-secret,"request_id = ""dolor ipsum lorem consectetur""",0
89a553d0-9ada-4d11-a29d-cc6604259dab,package-lock.json,generic-high-entropy-string,"request_id = ""89a553d0-9ada-4d11-a29d-cc6604259dab""",0
ghp_tylWIEp2ot2TjZD6dJA9AJHiypqnvPf7C2xf,backend/config.json,github-pat,"API_KEY = ""ghp_tylWIEp2ot2TjZD6dJA9AJHiypqnvPf7C2xf""",1
